0,1,2
teleported,314475,7313.372093023256
horatio,500751,6766.905405405405
attila,275686,4672.64406779661
inbox,296081,4229.728571428572
moped,303423,3409.247191011236
itching,427539,3393.1666666666665
humming,378986,3353.858407079646
quiero,552214,3346.7515151515154
edit,1683684,3231.6391554702495
stacy,295410,2983.939393939394
tramp,919055,2872.046875
limits,394073,2755.755244755245
nick,1006606,2727.929539295393
gambler,459599,2525.269230769231
logically,306999,2192.85
assassin,619104,2149.6666666666665
carl,627230,2104.798657718121
beggar,1110486,2022.7431693989072
grim,364214,1979.4239130434783
thanks,4892633,1726.4054340155258
mailbox,269182,1703.6835443037974
desire,558111,1691.2454545454545
janitor,777640,1686.8546637744034
summoned,451320,1684.0298507462687
transfer,310526,1642.994708994709
strangers,331845,1626.6911764705883
ye,1174421,1557.5875331564987
was,490279,1446.2507374631268
blouse,355629,1445.6463414634147
vil,277578,1416.2142857142858
plates,381934,1409.3505535055351
souls,514231,1408.8520547945207
recruit,534459,1399.107329842932
cabbie,317372,1367.9827586206898
andy,363773,1318.018115942029
arrange,299581,1308.2139737991267
those,495705,1290.8984375
printer,276857,1264.1872146118722
porsche,340865,1248.5897435897436
customs,302699,1240.5696721311476
umbrella,397495,1234.4565217391305
like,402486,1219.6545454545455
rifle,570383,1211.004246284501
represent,295511,1206.1673469387756
cleared,311076,1196.446153846154
devil,2647540,1188.3034111310592
fifteen,700901,1185.9576988155668
centipede,293172,1177.3975903614457
ferrari,669954,1175.3578947368421
diving,425211,1171.3801652892562
israel,477750,1170.9558823529412
hawaii,275535,1162.5949367088608
gold,2304431,1117.0290838584585
financial,414324,1090.3263157894737
mortician,512119,1082.7040169133193
supplies,331986,1077.8766233766235
tarzan,292092,1077.830258302583
mailman,658450,1074.1435562805873
upvotes,540688,1072.7936507936508
 ,634140,1069.3760539629004
thank,3771426,1052.5888919899526
follows,807190,1052.3989569752282
yoda,373500,1049.1573033707866
robe,413637,1034.0925
rushing,302364,1011.2508361204013
infinite,475244,1009.0106157112526
tables,335603,1004.7994011976048
charges,474901,1001.9008438818565
we’ll,354218,986.6796657381616
supply,468140,967.2314049586777
eyesight,300091,961.8301282051282
tons,339007,960.3597733711048
these,402176,946.2964705882353
hi,475780,942.1386138613861
waved,353650,928.2152230971128
skirt,539546,920.7269624573379
advanced,353441,918.0285714285715
warden,392278,908.050925925926
economy,318405,907.1367521367522
convert,276870,904.8039215686274
access,279323,901.0419354838709
“if,634320,899.7446808510638
pure,381075,884.1647331786543
affair,425193,880.3167701863354
35,344309,878.3392857142857
first,360395,870.5193236714975
“what’s,648000,865.1535380507344
sensitive,366654,862.7152941176471
wow,445655,862.0019342359768
mormon,286339,849.6706231454006
las,442326,845.7476099426386
closest,280793,840.6976047904192
blew,1281135,830.8268482490272
compliment,268722,829.3888888888889
“i’ll,508257,827.7801302931596
“do,674469,827.5693251533743
‘i,293787,827.569014084507
get,885312,825.8507462686567
satan,1300119,821.8198482932996
blank,287825,820.014245014245
pope,2570162,819.0446144040791
removed,961264,818.0970212765958
jane,471509,817.1733102253033
towel,414633,813.0058823529412
panic,388309,812.3619246861924
“that’s,903939,812.1644204851752
coins,269900,810.5105105105105
“and,592023,808.7745901639345
lover,630252,808.0153846153846
upvote,338983,807.1023809523809
remind,459971,805.5534150612959
then,1242452,805.2184057031757
wife’s,325843,802.5689655172414
guards,675252,796.2877358490566
noises,352026,794.6410835214447
1000,579590,792.8727770177838
silver,678536,786.252607184241
informed,377376,786.2
passion,266918,782.7507331378299
vegas,366129,782.3269230769231
fuck,892651,780.2893356643357
“but,706034,778.4277839029769
dave,1815881,777.0136927685066
“oh,767695,773.8860887096774
“this,597245,771.6343669250646
“you’re,405855,768.6647727272727
purse,361209,757.2515723270441
strapped,340350,756.3333333333334
pretend,428097,753.6919014084507
republicans,347304,753.3709327548806
marine,714806,752.4273684210526
“because,301591,750.226368159204
medicine,775639,748.6862934362935
sounded,269142,747.6166666666667
sheriff,310018,747.0313253012048
arrest,387656,744.0614203454894
astonished,267080,743.9554317548747
sigh,293339,742.6303797468354
slipped,628286,740.0306242638399
barack,374207,739.5395256916996
attendant,581049,739.2480916030535
constant,351520,735.3974895397489
touched,770136,733.4628571428572
understood,454859,732.4621578099839
slapped,437864,729.7733333333333
wherever,267760,727.6086956521739
papers,310234,724.8457943925233
painful,273560,723.7037037037037
“it,349663,720.9546391752577
principal,633696,720.1090909090909
glad,806737,714.5589016829052
elementary,314486,713.1201814058957
staying,473935,712.6842105263158
soldier,1381951,710.1495375128469
carried,405469,707.6247818499128
15,1722651,704.8490180032733
ea,477687,703.5154639175257
plus,613153,703.1571100917431
uncomfortable,296250,702.0142180094787
“how,880920,701.9282868525896
joy,360949,700.8718446601941
mathematician,1095671,700.556905370844
comments,481751,700.2194767441861
“i’m,1270002,698.5709570957096
success,381985,698.327239488117
aware,348402,698.2004008016032
booth,270532,697.2474226804123
he’ll,287698,696.6053268765133
“a,415384,695.785594639866
requested,351862,694.0078895463511
waitress,815382,693.3520408163265
fairy,471479,693.3514705882353
testicles,601573,693.0564516129032
epileptic,320144,692.952380952381
upstairs,997736,692.8722222222223
downstairs,485397,691.4487179487179
beats,538000,690.6290115532735
whispers,766138,689.5931593159316
beside,862752,688.0
congregation,266662,682.0
offering,285663,680.15
fits,266170,679.0051020408164
somehow,480571,678.7725988700565
returned,1380837,674.5661944308745
gorilla,1274771,671.9931470743279
ze,297848,670.8288288288288
sam,620740,670.3455723542116
lion,1730219,665.9811393379523
exclaimed,584320,665.5125284738041
cure,680783,664.8271484375
wouldn’t,523613,664.4835025380711
we’re,530950,663.6875
demanded,309335,662.3875802997859
monks,1082129,661.44804400978
slap,414632,660.2420382165606
taps,281130,658.384074941452
remains,415720,656.7456556082149
exact,682058,653.3122605363984
eager,275398,652.6018957345972
bent,424656,650.3154670750383
bones,290381,649.6219239373602
ahead,1033223,649.4173475801383
leaned,547428,649.3807829181495
forgotten,381790,647.1016949152543
suit,722041,646.9901433691756
she’s,891410,645.9492753623189
dna,415552,645.2670807453416
bible,433036,641.5348148148148
storms,326506,640.2078431372549
costs,436091,639.4296187683284
satisfy,296599,639.2219827586207
attractive,849250,639.0142964635064
suspicious,279390,637.8767123287671
ranch,275676,636.6651270207852
aside,303779,635.520920502092
“you,1674362,633.7479182437547
london,480962,633.6785243741765
recognize,314625,633.0482897384306
unusual,291645,631.2662337662338
evidence,272146,629.9675925925926
age,1446614,628.9626086956522
houses,342142,628.9375
whilst,393636,628.8115015974441
sharing,290333,628.4264069264069
bobby,282359,627.4644444444444
balcony,568135,627.0805739514349
crocodile,357841,626.69176882662
smiling,410456,626.6503816793893
wifi,272069,625.4459770114943
calmly,631915,623.8055281342547
guinness,322000,620.4238921001927
provide,392022,619.3080568720379
breasts,583241,619.151804670913
shook,630723,617.1457925636008
customers,378198,615.957654723127
handed,1001128,615.69987699877
expect,729143,613.756734006734
go,709200,613.4948096885813
changes,410309,612.4014925373134
and,2509548,612.2342034642596
expert,301471,611.5030425963489
leads,434334,610.8776371308016
dentist,800018,610.7007633587787
there,689145,610.4030115146147
determine,272594,609.8299776286353
personal,619117,609.367125984252
appreciate,380611,607.0350877192982
pointing,531150,604.9544419134396
dressed,1432089,602.9848421052632
wave,409100,602.5036818851252
bragging,264921,602.0931818181818
fence,855293,601.471870604782
are,1710713,599.6189975464423
masturbate,367767,598.9690553745928
leader,881804,597.4281842818428
who,1151094,596.7309486780715
trailer,266050,596.5246636771301
deserve,285690,596.4300626304802
would,600398,596.2244289970208
stool,471398,595.9519595448799
airport,580163,595.6498973305955
lays,379794,593.428125
cab,644773,593.1674333026679
banging,393858,591.3783783783783
gate,407749,590.9405797101449
obviously,934769,590.878002528445
“that,350325,590.7672849915683
passionate,297675,588.2905138339921
blowjob,539906,588.1328976034858
“i,3977402,583.9674056673028
jim,1113492,582.3702928870293
holocaust,334725,582.1304347826087
queen,835451,581.7903899721448
places,765780,580.1363636363636
allow,537910,579.0204520990312
rubbed,286036,579.0202429149798
nearby,848722,578.5426039536469
won’t,627713,578.5373271889401
survived,295913,577.955078125
hundreds,470758,577.6171779141105
smiled,750161,577.4911470361817
texan,376087,576.8205521472393
teenage,612342,576.5932203389831
sleeps,402412,574.8742857142857
australia,285908,572.9619238476954
dragon,293705,572.5243664717349
figures,385254,572.44279346211
kingdom,445098,572.1053984575835
magical,350894,571.4885993485342
stunned,343999,571.4269102990033
placed,697928,570.6688470973018
vet,673012,569.8662150719729
panties,372851,569.2381679389313
“what,1472167,569.0633938925396
totally,896636,567.4911392405063
beaten,323280,567.1578947368421
afford,685123,566.6856906534326
perfectly,544566,566.6659729448492
realizing,377277,566.481981981982
is,1448596,565.6368606013276
gentleman,718845,565.5743509047994
karma,465589,565.0351941747573
daughters,409764,564.4132231404959
perhaps,341420,564.3305785123966
kitchen,1414955,563.2782643312102
“we,456722,562.4655172413793
loss,400856,562.2103786816269
picked,1400156,561.4097834803529
warning,311127,559.5809352517986
agreed,1052206,558.1994694960213
trapped,375979,557.8323442136499
department,558808,557.692614770459
gently,447606,557.4171855541719
signs,487638,557.3005714285714
he,1075209,557.1031088082901
bedroom,1091308,557.0740173557938
sales,487224,556.8274285714285
explain,1361286,556.7631901840491
boss,2948027,556.4414873537183
dollars,1703076,554.9286412512218
orgasm,280717,554.7766798418972
weak,281211,553.5649606299213
likely,557983,553.005946481665
letters,801831,552.605789110958
ship,1154751,551.4570200573066
rabbi,1875300,550.9106933019976
slams,472651,550.8752913752913
fifty,496678,550.6407982261641
interviewer,429477,550.6115384615384
leather,333572,550.4488448844885
opportunity,361430,550.1217656012177
passing,572509,549.9606147934678
grew,748926,549.8722466960353
yes,825816,547.6233421750663
sold,1012497,547.0
doorbell,293058,546.75
fighter,266236,545.5655737704918
promise,485349,544.7239057239058
daddy,980170,544.5388888888889
satisfied,343623,543.7072784810126
buddhist,387985,543.3963585434174
example,279659,543.0271844660194
rang,300181,542.8227848101266
horror,322939,542.7546218487395
if,2467284,541.3084686265906
explaining,379418,541.2524964336662
rolled,610954,540.6672566371682
slaps,601184,540.6330935251799
pride,308872,539.043630017452
picking,493692,538.9650655021834
apartment,693760,538.2156710628394
sight,371437,537.5354558610709
switch,582767,536.6178637200736
did,848578,536.3957016434892
clothes,1416589,535.9776768823307
stranger,517166,535.3685300207039
husband,9087315,535.1775618374559
storm,386217,534.9265927977839
information,403806,534.8423841059603
cop,2396983,534.8020972780009
engineer,1228247,534.4852045256745
saint,773370,534.4644091223221
listened,290008,534.0847145488029
address,287541,533.4712430426716
closet,422403,533.3371212121212
underwear,386410,532.9793103448276
spotted,385224,532.8132780082988
–,768208,532.7378640776699
but,2712742,531.9101960784313
loudly,356066,531.4417910447761
this,2126783,531.2972770422183
followed,823099,530.347293814433
closes,387539,530.1491108071135
atheist,461229,530.148275862069
aged,322569,529.6699507389162
monk,1329938,529.4339171974523
waist,264636,529.272
lying,1236986,528.8525010688328
pub,975554,528.7555555555556
dies,1147194,528.6608294930876
quiet,695659,528.2148823082764
cost,858871,528.2109471094711
community,386022,528.0738714090287
post,2181860,527.9119283813211
posted,654043,527.0290088638195
frenchman,532803,527.0059347181009
secretary,462483,525.5488636363636
conference,273730,525.3934740882918
larger,306333,524.542808219178
thank,561898,524.1585820895523
amazed,508501,523.1491769547325
naked,1737609,522.4320505111244
notices,2167578,522.307951807229
net,424750,521.1656441717791
counting,300099,521.0052083333334
i’m,5050460,520.5049984540864
staring,795395,519.5264532984977
poured,273731,518.4299242424242
how,3840572,518.1559633027523
shows,1449526,518.0578984989278
enemy,354261,517.9254385964912
finds,2977902,517.5359749739312
scene,426425,516.8787878787879
steps,1376110,516.7517837025911
not,774122,515.7375083277815
fourth,832263,515.3331269349845
stood,1441378,515.1458184417442
strange,1229620,515.1319648093842
please,436517,514.7606132075472
pays,583655,513.7808098591549
where,949670,513.6127636560303
cemetery,299757,513.2825342465753
usual,502911,512.651376146789
pressure,341709,512.3073463268366
pieces,497092,511.93820803295574
spoke,526268,511.4363459669582
apply,272558,511.3658536585366
tear,286859,511.3351158645276
elon,280804,509.62613430127044
weed,579868,509.1027216856892
helping,414180,508.8206388206388
confession,316936,508.7255216693419
wakes,1221059,508.3509575353872
hardly,347302,507.0102189781022
obvious,315305,506.92122186495175
gathered,412124,506.91758917589175
situation,593907,506.3145780051151
pours,424223,506.2326968973747
report,636822,505.81572676727563
distance,461412,505.3800657174151
manager,1694862,505.17496274217586
driver,3218381,504.9232820834641
finger,1147200,504.4854881266491
daughter,2893797,503.7070496083551
apparently,1532633,503.32775041050905
hell,3570407,502.4496200394033
“why,553659,502.41288566243196
sends,619545,502.0623987034036
excuse,716152,501.8584442887176
complete,782857,501.50992953235107
18,603749,501.452657807309
size,988779,501.15509376583884
take,382798,501.0445026178011
send,1618989,500.92481435643566
knocks,756450,500.6287227001985
instantly,408740,500.2937576499388
monkey,1440484,500.16805555555555
tight,502482,499.9820895522388
position,702797,498.0843373493976
discover,304242,496.31647634584016
whale,516494,496.1517771373679
paying,634791,495.5433255269321
cruise,413703,494.8600478468899
lawyer,2104720,494.53007518796994
ad,397836,494.2062111801242
lack,404408,493.78266178266176
spent,1208137,493.5200163398693
willing,437125,492.81285231116124
good,528701,492.73159366262814
claims,311770,492.52764612954184
engine,478831,492.1181911613566
clothing,293705,491.96817420435514
irishman,1292395,491.9661210506281
a,1385511,490.9677533664068
stumbles,401965,490.2012195121951
bite,732836,490.1913043478261
oh,3011720,489.86987638256346
bless,288421,489.679117147708
gorgeous,486135,489.069416498994
suggested,397758,488.64619164619165
what,8089770,488.0705882352941
policeman,668531,487.26749271137027
redditors,374440,486.2857142857143
raised,734425,485.7308201058201
honest,389610,485.19302615193027
inch,664404,484.61269146608316
screamed,437068,484.55432372505544
finest,284349,484.41056218057923
stops,1766508,484.37290924047164
responded,647296,483.77877428998505
it,428045,483.6666666666667
certainly,391064,482.79506172839507
butcher,412594,482.56608187134503
lizard,396117,482.48112058465284
heat,371351,482.27402597402596
also,4189749,481.6357052534774
expensive,683806,481.5535211267606
embarrassed,368954,480.4088541666667
prove,746528,480.3912483912484
smile,840256,480.14628571428574
realizes,742628,479.73385012919897
your,1017387,478.7703529411765
thirty,267615,478.73881932021465
reached,1038424,478.3159834177798
holiday,481669,476.9
thinks,3772284,476.78008088978765
seated,265185,476.0951526032316
sentence,668459,475.4331436699858
correct,541629,475.11315789473684
“no,431618,473.78485181119646
changing,370967,473.7765006385696
surprised,1184059,473.6236
knocking,278964,473.62308998302206
slow,625950,473.1292517006803
blow,1398512,472.9496110923233
billion,332759,472.66903409090907
art,573090,472.45671887881286
touch,1270304,471.5308092056422
general,830891,471.2938173567782
yes,1040675,471.1068356722499
pearly,644779,470.9853907962016
shouts,1078702,470.6378708551483
million,2175862,470.45664864864864
puzzled,399785,470.33529411764704
give,514309,468.83226982680037
for,544242,468.7700258397933
500,316173,468.40444444444444
moves,659962,468.3903477643719
hundred,865482,467.8281081081081
dear,827851,467.71242937853106
politician,402060,467.51162790697674
kissing,269987,467.10553633217995
that,1602597,466.54934497816595
loan,363892,466.5282051282051
opens,2236771,466.4798748696559
holy,271372,466.2749140893471
priests,466526,466.05994005994006
saturday,304222,465.17125382263
joe,1454632,464.73865814696484
surrounded,332787,464.1380753138075
count,1011331,463.48808432630614
carrying,847384,463.3045379989065
madam,265887,463.2177700348432
picture,1122377,463.02681518151815
jobs,484554,462.8022922636103
packed,315028,462.5961820851689
released,408471,462.59456398641
nothing,3848913,462.49855803893297
minutes,3992034,462.3085118702953
now,820030,461.9887323943662
dozen,370827,461.2276119402985
pointed,569599,461.21376518218625
obama,916389,461.19224962254657
continue,603329,460.55648854961834
unable,516627,460.451871657754
you’re,1662342,460.1001937448104
crew,412425,459.7826086956522
proper,301539,459.6631097560976
sending,345496,459.43617021276594
served,366447,459.20676691729324
golf,1367367,459.00201409869084
kissed,282658,458.86038961038963
reaches,1091536,458.4359512809744
shouting,431382,457.94267515923565
electric,578360,457.9255740300871
handsome,315480,457.8809869375907
leans,768749,457.8612269207862
sexy,504340,457.24388032638257
wanting,716104,456.9904275686024
fucking,4488789,455.94606399187404
sound,1801232,455.7773279352227
60,355862,455.6491677336748
officer,2696519,455.57002872106773
pilot,1175404,455.4064316156528
explained,768628,454.8094674556213
stares,374547,454.54733009708735
sperm,865797,453.77201257861634
possible,526808,453.3631669535284
bags,324128,453.3258741258741
absolutely,925084,453.25036746692797
cheated,343823,452.9947299077734
you’ve,416660,452.89130434782606
carry,666643,452.88247282608694
loses,355174,452.45095541401275
stay,1788450,452.1997471554994
just,851206,452.0477960701009
wheelchair,374264,452.0096618357488
flew,585730,451.60370084811103
c,454308,451.5984095427435
angel,529159,451.50085324232083
gym,544407,451.4154228855721
tears,680961,451.26640159045724
stage,453840,451.1332007952286
minute,1030529,450.99737417943106
condoms,634616,450.72159090909093
because,1047089,449.97378599054576
window,1706347,449.7488139167106
roommate,289774,449.26201550387594
proudly,300009,449.11526946107784
throws,1296125,448.79674515235456
air,1558050,448.61790958825225
sons,384256,448.37339556592764
note,861772,447.9064449064449
visits,599401,447.3141791044776
shout,397595,447.2384701912261
sees,5919772,447.0451593414892
barely,686485,446.9303385416667
planet,323937,446.8096551724138
receptionist,281781,446.5625990491284
eventually,1384196,446.3708481135118
come,558990,446.12130885873904
pay,2553350,445.4553384508025
demands,300199,445.3991097922849
screaming,878834,444.75404858299595
i’ll,1019999,444.63775065387966
impressed,364919,444.48112058465284
quick,719616,444.2074074074074
collect,287722,443.3312788906009
priest,4567468,443.05635852168007
appears,646103,442.83961617546265
catholic,1069997,442.5132340777502
wise,375905,442.24117647058824
annoyed,386013,442.16838487972507
train,1667225,441.766030736619
negative,271894,441.3863636363636
slowly,1169107,441.3389958474896
fucked,1057815,441.1238532110092
annoying,306457,440.9453237410072
quietly,441673,440.7914171656687
front,4847722,440.6218869296492
conversation,888029,440.2721864154685
pulled,2512649,439.58170048985306
silent,523595,439.25755033557044
yell,391296,439.16498316498314
drive,1726552,437.8777580522445
term,369029,437.75682087781735
i,17202300,437.72869538665105
can’t,2097143,437.5428750260797
offered,697303,437.45483061480553
shouted,694107,437.3705103969754
parked,275887,437.2218700475436
comment,341413,437.1485275288092
learned,968679,436.93234100135317
rip,385350,436.40996602491504
nodded,302399,436.36219336219335
furious,343140,436.010165184244
gave,4434014,435.7753316953317
checks,452317,435.7581888246628
forgive,270044,435.5548387096774
englishman,615652,435.3974540311174
flight,899065,435.17182962245886
sunday,626192,434.85555555555555
charge,606903,434.1223175965665
asking,1648565,434.06134807793575
offer,578052,433.97297297297297
turned,3334147,433.73838948874726
raises,504750,433.6340206185567
possibly,517093,433.43922883487005
led,430715,432.8793969849246
sub,526179,432.3574363188168
angrily,301279,432.25107604017217
elderly,1091164,431.9730799683294
climb,591278,431.90504017531043
waiting,2149866,431.18050541516243
rear,359934,430.02867383512546
you,6488786,429.83479067302596
moments,477911,429.38993710691824
picks,1105301,429.2431067961165
shortly,324465,429.18650793650795
grade,509890,428.8393608074012
board,555897,428.6021588280648
points,1015115,428.49936682144363
that’s,1247877,427.94135802469134
“the,504209,427.6581849024597
must,4855673,426.98496306718255
service,816777,426.961317302666
look,403413,426.89206349206347
table,1693450,426.77671370967744
pictures,344324,426.6716232961586
completely,1398133,426.6502898992981
boyfriend,993468,426.1981981981982
sent,1902339,426.15120967741933
directly,296951,426.0416068866571
arrive,462570,425.939226519337
laughs,579065,425.78308823529414
easily,342639,425.6385093167702
captain,1346876,425.5532385466035
director,324667,425.51376146788994
smiles,803679,425.4520910534674
20,1762851,425.29577804583835
hangs,342766,424.74101610904586
thousands,345690,424.68058968058966
ya,923256,424.4855172413793
you’ll,320907,424.48015873015873
follow,703151,424.35184067592036
ten,2430857,424.23333333333335
slept,649793,424.1468668407311
drove,735410,424.1118800461361
european,325727,423.57217165149547
climbed,323310,423.1806282722513
official,279935,422.86253776435046
americans,889537,422.38224121557454
cover,549836,422.3010752688172
hour,1547013,422.2197052401747
prostitutes,275645,422.1209800918836
staff,296198,421.9344729344729
calling,1056512,421.9297124600639
lift,353544,421.890214797136
else,1653389,421.56782253952065
wearing,2031093,421.21381169639153
greeted,407724,421.202479338843
ones,882060,421.0310262529833
among,380961,420.9513812154696
lesson,322764,420.8135593220339
within,763502,420.662258953168
quickly,1864092,420.5034965034965
yeah,304880,419.3672627235213
90,310919,419.02830188679246
lifts,282649,418.73925925925926
smoke,877783,418.58989031950404
attention,589518,418.3946061036196
laughed,667214,418.31598746081505
hands,3393314,418.0502648761858
bastard,305462,417.8686730506156
credit,625344,417.7314629258517
door,5591616,417.59641523525016
let,5401979,417.33459517923365
happily,366265,417.15831435079724
lots,566748,417.0331125827815
lived,915294,416.80054644808746
several,1625377,416.7633333333333
join,693065,416.25525525525524
moment,1525495,415.77950395203055
whiskey,421154,415.74925962487663
beautiful,3154980,415.12894736842105
marry,800080,414.9792531120332
gates,841921,414.3312007874016
actually,2374854,414.2428048142334
rushed,421906,414.03925417075567
rolls,722045,414.01662844036696
onto,1390548,413.7304373698304
politicians,283775,413.6661807580175
realized,1149376,413.5933789132782
mess,345672,413.48325358851673
becoming,423542,412.80896686159844
account,373428,412.6276243093923
the,2699486,412.51314180929097
couple,4666655,411.9939083605544
area,555659,411.90437361008156
began,1628618,411.8912493677289
do,1856901,411.6384393704278
enough,2990003,411.1665291529153
country,1564128,410.9637414608513
leaves,1217293,410.8312521093486
page,738541,410.7569521690767
next,12169206,410.60856361979955
average,537419,410.55691367456075
memory,456383,410.4163669064748
arrives,720269,409.942515651679
excited,818238,409.93887775551104
owner,1542957,409.9248140276302
afternoon,300235,409.5975443383356
care,1256041,409.5340723834366
sorry,2282159,409.20907297830377
along,1685511,409.203932993445
well,2919119,408.8974646309007
later,4012227,408.86854173035766
looked,4542575,408.68870895186683
anything,3256519,408.23856086247963
seemed,820365,408.14179104477614
lovely,329551,407.86014851485146
struck,269073,407.68636363636364
stuck,1642370,407.53598014888337
rub,374907,407.50760869565215
realize,703601,407.4122756224667
answered,738525,407.3496966354109
killing,763090,407.1985058697972
“it’s,364430,407.18435754189943
heads,1027301,407.0130744849445
ceo,353751,406.61034482758623
showing,439868,406.5323475046211
whole,3003488,406.1511832319135
reddit,1890567,405.8752683555174
flag,299530,405.86720867208675
let,370961,405.8654266958425
dildo,398919,405.8179043743642
jew,1107551,405.54778469425116
bring,2251278,405.48955331412105
following,1024232,405.4758511480602
press,415535,405.4
stands,1381178,405.1563508360223
bank,1569409,404.9042827657379
behind,3742104,404.5517837837838
navy,413723,403.6321951219512
times,2293924,403.2918424753868
immediately,1896223,402.9373140671483
cheating,576905,402.58548499651084
bed,2537270,402.42188739095957
challenge,286740,402.1598877980365
none,758793,401.9030720338983
drivers,285294,401.8225352112676
cup,869531,401.81654343807764
breath,502050,401.64
brothel,320347,401.437343358396
looks,8427559,400.8351486325803
hope,1412627,400.63159387407825
carefully,317326,400.15889029003785
much,7033686,400.05039244682064
exchange,309211,400.01423027166885
master,464732,399.94148020654046
gives,2681617,399.46625949649933
five,2054036,399.22954324586976
hire,391478,399.06014271151884
accused,315974,398.9570707070707
even,6956135,398.8838236137393
doesn’t,898832,398.77196095829635
bet,1446951,398.6090909090909
masturbating,453190,398.23374340949033
calm,409953,398.0126213592233
6,2187531,397.94997271238856
definitely,585413,397.6990489130435
seen,3088194,397.5532955715757
due,803010,397.529702970297
letter,1151136,397.49171270718233
give,8873545,397.41781619491223
puts,1824212,397.3452406883032
enjoying,394685,397.06740442655934
pickle,267854,396.82074074074075
view,344043,396.8200692041523
nine,410393,396.5149758454106
noticed,1570005,396.3658167129513
although,386169,395.6649590163934
wife,17525001,395.6607364594857
plays,378592,395.60292580982235
they,342458,395.44803695150114
leaving,1020583,395.4215420379698
lay,578335,395.30758714969244
back,18013458,395.083958415581
dude,588297,394.8302013422819
ladder,340393,394.42989571263035
orders,2107943,394.3766136576239
parents,2179259,394.2932874977384
sure,5026213,394.24370538865793
teach,738597,393.9184
years,6126267,393.69365721997303
took,5698617,393.63245147475305
wonderful,464877,393.6299745977985
condom,555983,393.47699929228594
attack,497785,392.88476716653514
home,7100287,392.8670945609473
cool,684342,392.8484500574053
girl,9135998,392.52408163265306
promised,283323,392.4141274238227
says,29346403,392.23195979630844
bag,1158924,392.05818673883624
becomes,742814,391.9862796833773
why,2476098,391.9116809116809
spend,972242,391.40177133655396
damn,1359502,391.1110471806674
pocket,714472,391.06294471811714
posts,292796,390.9158878504673
border,307036,390.63104325699743
contact,291015,390.6241610738255
response,310757,390.39824120603015
evening,583177,390.3460508701473
wall,1191626,390.3131346216836
replied,3089403,390.2732440626579
he’s,1326717,390.0961481917083
nearly,661956,390.07424867413084
kiss,661849,390.01119622863877
especially,394991,389.9220138203356
son,6225816,389.6492677431468
avoid,634709,389.3920245398773
nazi,493607,389.27996845425866
fact,894303,388.9965202261853
cigarette,334531,388.9895348837209
secret,831930,388.93408134642357
flowers,353773,388.76153846153846
don’t,3471577,388.71089463665885
brought,1442558,388.62015086206895
total,360977,388.56512378902045
truly,431192,388.46126126126126
peter,2615418,387.6990809368515
filled,827252,387.47166276346604
holding,1133556,387.40806561859193
iphone,545402,387.359375
per,530801,387.1633843909555
show,2892428,387.1022483940043
huge,1868442,386.9211016773659
illegal,394534,386.7980392156863
spending,309041,386.7847309136421
twin,450965,386.76243567753
boy,8366154,386.64174138090397
pretty,3217787,386.6138411630422
starts,4753685,386.5727413190209
apples,288319,386.48659517426273
please,2716376,386.3977240398293
house,4306389,386.1885929513048
sell,1134261,385.67188031281876
early,922497,385.6592809364549
reading,954589,385.3811061768268
opened,1430318,385.3227370689655
drinking,1724824,385.26334599061875
showed,854224,385.13255184851215
license,286304,384.81720430107526
everyone,4359319,384.45356733398006
“my,399831,384.4528846153846
professor,904129,384.40858843537416
5,2816742,384.38073144104806
massive,499948,383.98463901689706
ground,1184411,383.9257698541329
another,7272468,383.811906269791
30,1052484,383.6981407218374
phone,2201464,383.66399442314395
dollar,1153866,383.08964143426294
felt,1459117,383.07088474665267
serious,511991,382.94016454749436
agent,558627,382.8834818368746
yelled,724553,382.7538298996302
25,612717,382.7089319175515
outside,1882131,382.7025213501423
gun,1428839,382.65640064274237
blonde,4335628,382.4316838669842
barber,600138,382.0101845957989
no,1956796,381.8138536585366
my,2311356,381.6638044914135
started,4880151,381.6195652173913
pain,804402,381.5948766603416
expecting,298466,381.18263090676885
dirty,1054530,381.10950487893024
stairs,451297,380.84135021097046
whether,581768,380.73821989528795
nurse,839760,379.9819004524887
burning,337023,379.9582863585118
shakes,623048,379.90731707317076
sets,475318,379.3439744612929
3rd,484790,379.3348982785603
plane,1698292,378.82935534240465
smoking,782803,378.34847752537456
shocked,793765,378.1634111481658
soon,1925525,377.9986258343149
offers,388101,377.8977604673807
box,1483179,377.88
promptly,351571,377.62728249194413
when,586782,377.5945945945946
sit,1512862,377.3664255425293
every,7542245,377.2631552621048
round,910092,377.16203895565684
sexual,883663,377.15023474178406
jews,959572,376.8939512961508
returns,1141936,376.7522269877928
knew,2286162,376.6329489291598
dinner,1562077,376.4948180284406
punchline,422244,376.331550802139
soviet,507893,376.217037037037
hears,1374052,375.9376196990424
nun,1796049,375.89974884889074
receive,339736,375.8141592920354
password,409876,375.6883593033914
takes,5194131,375.2442566103164
course,1339095,375.20173718128325
irish,1190274,374.8894488188976
room,4296312,374.86362446557894
pool,637579,374.6057579318449
drops,911618,374.53492193919476
artist,330301,374.4909297052154
said,21123685,374.3542098640722
rest,1568857,374.2502385496183
isn’t,393702,373.53130929791274
believe,2840377,373.340825446898
odd,375771,373.15888778550146
gets,9170390,373.0834011391375
forest,658180,372.90651558073654
ready,1266895,372.835491465568
in,473606,372.0392772977219
mouth,1113482,371.90447561790245
leave,2234765,371.7173985362608
surely,293172,371.57414448669203
period,348933,370.81083953241233
married,2084964,370.726173541963
towards,1304666,370.64375
young,5303934,370.56759589184657
sense,657733,370.5538028169014
24,298104,370.3155279503106
holy,907553,370.2786617707058
grabs,1178925,370.2653894472362
putin,439394,370.17186183656275
watches,390503,370.1450236966825
disappointed,286065,370.07115135834414
swimming,638407,369.8765932792584
sat,1530510,369.4207096307024
asks,13988729,369.4076528995458
they’re,737912,369.3253253253253
woman,13385990,369.24831733421604
may,2564652,369.1208981001727
shut,617397,369.0358637178721
assistant,351442,368.7743966421826
past,1517823,368.7616618075802
old,14294317,368.4672114244471
continued,563347,368.4414650098103
father,5583914,368.28347183748843
line,2137694,368.12364387807816
kill,2612744,367.99211267605637
homeless,913722,367.99113975030207
seat,1060477,367.96564885496184
thousand,640100,367.8735632183908
couldn’t,658425,367.83519553072625
right,6494394,367.745979614949
turning,444559,367.70802315963607
chair,646051,367.7011952191235
tells,5288183,367.33696860238956
rushes,360386,366.618514750763
weeks,1301729,366.06552305961753
live,2176077,365.97325933400606
magic,790961,365.6777623670828
brings,877470,365.6125
till,409422,365.55535714285713
passes,592624,365.3662145499383
private,506637,365.2754145638068
careful,294457,364.8785625774473
st,383673,364.70817490494295
foot,1006386,364.63260869565215
decides,2834726,364.5012215507265
year,4805757,364.26567118926704
replies,4192305,364.04176797499133
appeared,360037,364.04145601617796
healthy,265272,363.386301369863
entire,1335368,363.3654421768708
ever,6627407,363.3048459598728
us,3461564,362.99958053691273
kind,3421214,362.91651638909514
order,1509612,362.8002883922134
top,2397751,362.63626739261946
cash,377139,362.63365384615383
shoulder,404215,362.52466367713004
knowing,669749,362.41829004329
better,3334541,362.3319569705531
extra,630417,362.3086206896552
means,1140645,362.1095238095238
eye,1586659,362.0029660050194
ago,868775,361.68817651956704
slightly,443986,361.5521172638436
fuck,3380106,361.50866310160427
wasn’t,416805,361.49609713790113
thinking,1877124,361.1937656340196
army,510295,361.1429582448691
tomorrow,548414,361.03620803159976
tries,1092422,360.41636423622566
surprise,534221,359.98719676549865
seconds,783854,359.8962350780533
sleeping,715793,359.87581699346407
agrees,658093,359.61366120218577
walked,3742899,358.89337424489406
single,1421078,358.7674829588488
jewish,1917070,358.66604303086996
librarian,314883,358.6366742596811
feet,1230509,358.4354791727352
empty,682669,358.3564304461942
jail,333848,358.20600858369096
still,7036040,358.0135348292882
twice,565205,357.95123495883473
jumped,908571,357.70511811023624
arab,359744,357.5984095427435
rose,328225,357.54357298474946
free,1765621,357.34082169601294
moving,540227,357.2929894179894
ring,698560,357.1370143149284
together,1420835,356.6352911646586
week,1998907,356.5656439529076
learn,837893,356.55021276595744
buy,3397626,355.66063016853343
seem,856529,355.25881377021983
50,1014932,355.2439621981099
taxi,430896,355.23165704863976
scottish,288608,354.55528255528253
wins,290321,354.48229548229546
sits,1933042,354.361503208066
gender,380107,354.2469711090401
instead,1473959,353.7218622510199
visited,364658,353.3507751937984
teaching,328229,353.31431646932185
played,693412,353.2409577177789
would,17331350,353.0957134707848
holes,398320,352.49557522123894
body,1703726,352.15502273666806
living,1343785,352.14491614255763
1st,376715,352.0700934579439
have,380995,351.79593721144965
climbs,283063,351.6310559006211
less,831778,351.55452240067626
giving,1421565,351.35071675729114
cell,522802,351.3454301075269
sounds,917297,351.3201838376101
buys,708930,351.1292719167905
went,11809014,350.9365230312036
whore,294429,350.9284862932062
force,446499,350.745483110762
load,325704,350.5963401506997
wild,405789,350.4222797927461
days,2411755,350.3929972395758
major,418152,350.2110552763819
received,455956,350.19662058371733
12,969918,350.02453987730064
sister,1627967,349.9499140154772
it,1170252,349.8511210762332
god,3916181,349.7527016165044
imagine,473045,349.6267553584627
loved,772309,349.61928474422814
allowed,751984,349.59739655973965
children,1351170,349.59120310478653
given,1054082,349.4966843501326
reason,853062,349.47234739860716
could,10657607,349.3266577075617
answer,1466700,348.9650249821556
well,3766646,348.86042419190517
4,1857644,348.85333333333335
wondered,278265,348.703007518797
help,3716526,348.6422138836773
job,3224862,348.5960436709545
voice,1345495,348.3933195235629
tits,270990,348.31619537275066
six,1388137,348.2531359759157
100,999466,348.24599303135886
turn,2287803,348.1666413026937
golden,454199,348.04521072796933
beginning,291312,348.0430107526882
speaking,332259,347.9151832460733
crowd,701681,347.8834903321765
telling,1717330,347.7784528149048
months,1355915,347.49231163505897
stepped,557996,347.4445828144458
yells,1253101,347.3118070953437
business,1263446,347.2913688840022
very,320322,347.04442036836406
jar,544461,347.0114722753346
tree,1519017,346.9659661946094
thought,5317935,346.2197265625
kicked,751888,345.85464581416744
sign,1803986,345.7236489076274
growing,511163,345.61392832995267
bench,327762,345.3761854583772
einstein,306266,345.28297632468997
redneck,494018,345.22571628232004
might,2078155,345.20847176079735
nice,2148341,344.7826994061948
morning,2285429,344.5024118179077
travel,494598,344.4275766016713
waste,274035,344.2650753768844
missing,612150,344.09780775716695
paid,694191,343.99950445986127
accept,377019,343.9954379562044
village,491901,343.98671328671327
church,1304661,343.1512361914782
government,659259,343.0067637877211
coming,2249679,342.83434928375493
message,338682,342.7955465587045
hold,1331288,342.7621009268795
cute,334429,342.65266393442624
headed,350897,342.33853658536583
test,1125170,342.30909644052326
sort,418639,342.3049877350777
figured,586677,342.2852975495916
asked,14492345,341.83283800358527
visiting,362433,341.5956644674835
finishes,387343,341.57231040564375
questions,496931,341.53333333333336
hours,1761152,341.5070777583867
way,7012719,341.3678138538675
managed,557450,341.3655848132272
amazing,691442,341.284304047384
speak,893461,341.1458571974036
seems,1177217,341.02462340672076
going,11660565,340.95219298245615
finished,828175,340.8127572016461
reads,272948,340.7590511860175
shoot,867057,340.69037328094305
almost,1700678,340.61245744041656
ticket,517371,340.5997366688611
tied,463594,340.37738619676946
helped,313059,340.2815217391304
ok,271840,340.2252816020025
remember,2047398,340.2123629112662
support,558892,340.1655508216677
condition,280053,339.87014563106794
chris,327900,339.79274611398966
passed,1192752,339.71859868983194
battle,276800,339.2156862745098
one,325235,338.7864583333333
worked,796695,338.4430756159728
broke,1443260,338.31692451945617
grown,273203,338.1225247524753
rate,429694,338.0755310778914
female,1331922,337.965490992134
star,886315,337.7724847560976
speaks,337498,337.498
truck,969888,337.35234782608694
money,3110666,337.3458410150743
gone,872659,337.32470042520293
robot,536007,337.3234738829452
safe,400704,337.2929292929293
girlfriend,5115735,337.1826390719747
it’s,2941558,337.1413180515759
pass,1149340,337.04985337243403
upon,1728844,337.0066276803119
wooden,603668,336.86830357142856
north,846103,336.8244426751592
ran,2038296,336.79709187045603
forward,562028,336.74535650089877
runs,2031706,336.709645343056
didn’t,1204941,336.48170901982684
military,328053,336.4646153846154
lady,3392362,336.4437171476743
club,791569,336.4084147896303
straight,1304175,336.3009283135637
fix,657307,336.2184143222506
waited,350653,336.1965484180249
student,1281757,336.1544715447154
sudden,503694,336.02001334222814
bartender,6163089,336.00964998364407
pull,1318374,335.9770642201835
shoes,803114,335.89042241739855
harry,689264,335.7350219191427
tour,322096,335.51666666666665
four,1908018,335.44620253164555
exclaims,404439,335.3557213930348
told,11758597,335.203312523162
listening,404245,335.1948590381426
done,1573610,334.73941714528826
twenty,614298,334.58496732026146
square,504847,334.55732273028497
burned,265285,334.53341740226983
liked,539368,334.38809671419716
arrived,631865,334.3201058201058
names,508548,334.13140604467804
happen,592997,333.8947072072072
accidentally,899188,333.7743132887899
b,358343,333.65270018621976
lazy,271221,333.6051660516605
pile,465911,333.50823192555475
everything,2324701,333.43387837062534
eyes,2068513,333.4160219213411
upset,548237,332.87006678809956
move,939931,332.8367563739377
wrong,2255436,332.6601769911504
8,998133,332.3786213786214
locked,325036,332.3476482617587
raise,382485,332.30668983492615
watching,1761706,332.27197284043757
wear,1461641,332.2666515117072
found,5464344,332.11839786057254
dad,5701000,332.0519541033258
great,3865408,331.99415958086405
remembered,296756,331.94183445190157
of,372090,331.9268510258698
frank,342083,331.79728419010667
starting,798480,331.7324470294973
shall,572507,331.69582850521437
bitch,524563,331.58217446270544
x,338699,331.4080234833659
south,562716,331.39929328621906
without,3791618,331.34824783710565
set,1569233,331.34142736486484
want,10323601,331.13937002822684
highway,317457,331.02919708029196
enters,708935,330.968720821662
pounds,393034,330.83670033670035
language,459327,330.6889848812095
uses,375941,330.6429199648197
standing,1998423,330.4817264759385
hey,1316253,330.4677378860156
idiot,488747,330.23445945945946
come,7207591,329.7763085651537
word,2157131,329.6349327628362
friends,3016231,329.60670964921866
breaks,650964,329.43522267206475
class,1689405,329.19037412314884
poor,1430226,329.0144927536232
closer,420469,329.0054773082942
return,613255,328.9994635193133
piece,1221285,328.47902097902096
tie,365998,328.2493273542601
sticks,360686,328.19472247497725
hand,2953639,328.1091979560098
since,2573337,327.8553955917951
start,2946102,327.23558813728755
spots,390967,327.16903765690375
pulls,2240471,327.12381369543
tired,877957,327.10767511177346
library,359696,326.99636363636364
kinda,374555,326.8368237347295
fellow,436840,326.73148840688106
200,285480,326.6361556064073
reach,668489,326.5701025891549
bob,1174993,326.56837131739854
around,6966724,326.44787029661217
matter,983024,326.2608695652174
counter,599989,326.2582925502991
announced,368556,326.15575221238936
understand,1419877,326.0337543053961
answers,783050,325.8635039533916
think,9229369,325.82676692791074
cried,270736,325.7954271961492
figure,687967,325.74195075757575
missed,421916,325.0508474576271
mechanic,344088,324.91784702549575
key,555408,324.8
banana,389059,324.7570951585977
supposed,745217,324.57186411149826
sitting,4199456,324.2823166023166
hearing,762179,323.9179770505737
maybe,1089427,323.8486920332937
step,942176,323.7718213058419
goes,12375313,323.6560571189455
close,1191913,323.6255769752919
higher,332257,323.52190847127554
gotten,487653,323.37732095490713
passengers,302735,323.0896478121665
lead,449889,322.9641062455133
grass,394983,322.9623875715454
boat,813874,322.83776279254266
question,1343900,322.82008167187126
responds,889356,322.81524500907443
redhead,397556,322.6915584415584
catches,352663,322.6559926806953
lives,816300,322.6482213438735
anyone,1999718,322.5351612903226
except,847037,322.4350970688999
saying,1978928,322.19602735265386
grant,481338,322.1807228915663
threw,1033696,321.92338835253815
rooster,435341,321.5221565731167
neighbor,610026,321.404636459431
made,5819924,321.2410443230115
share,600125,321.0941680042804
mum,457339,320.939649122807
probably,1540987,320.7716486261449
discussing,345031,320.66078066914497
laugh,857313,320.49084112149535
wars,311493,320.46604938271605
suddenly,1938314,320.382479338843
washing,333656,320.2072936660269
closed,343739,320.05493482309123
decide,1170290,319.75136612021856
half,2245790,319.59442151700586
met,1706101,319.554410938378
funeral,546736,319.54178842782
hired,327498,319.510243902439
hi,307617,319.4361370716511
time,10815889,319.3919501535554
factory,394757,319.3826860841424
put,6205922,319.05413603413706
numbers,330012,318.8521739130435
entered,520591,318.7942437232088
stolen,361110,318.7202118270079
first,13217186,318.6630180582009
cowboy,755414,318.6056516237874
pair,865751,318.52501839587933
check,1383677,318.45270425776755
parrot,1076643,318.34506209343584
see,11219510,318.08545021546837
thrown,293903,318.07683982683983
drink,2778207,318.01820054945057
feed,507848,317.80225281602003
mad,724550,317.78508771929825
held,604693,317.75775091960065
teller,277932,317.6365714285714
hoping,405380,317.19874804381845
popular,544213,317.1404428904429
concerned,294915,317.11290322580646
fed,287575,317.0617420066152
brunette,564994,316.7006726457399
explains,659260,316.19184652278176
tell,9366640,316.15215850406724
serve,793286,316.0501992031873
become,1723044,316.03888481291267
girls,1922798,315.57492204168716
strong,512129,315.54467036352435
eats,603608,315.3646812957158
cannot,862431,314.7558394160584
control,507567,314.67265964042156
checking,290389,314.614301191766
knees,274591,314.53722794959907
suicide,619476,314.45482233502537
stupid,838623,314.32646176911544
able,1699408,314.2396449704142
glass,1216894,314.1993286857733
stopped,1234094,314.178716904277
speeding,333337,314.1724787935909
birth,554393,314.1036827195467
price,324757,314.07833655705997
beating,324417,313.7495164410058
jumps,1105536,313.6272340425532
third,3388509,313.51859733530716
look,5251850,313.35620525059664
blood,959767,313.3421482206987
meets,522791,313.23606950269624
nods,374237,313.16903765690375
buried,295628,313.16525423728814
spread,305641,313.156762295082
dropped,807879,313.1313953488372
checked,298902,312.98638743455496
pops,329548,312.6641366223909
idea,1069538,312.2738686131387
frog,1190642,312.1767173571054
working,1564525,312.0313123254886
wallet,283241,311.9394273127753
students,732232,311.588085106383
ends,594299,311.3143006809848
alive,275775,311.25846501128666
putting,735450,311.23571730850614
40,367504,311.18035563082134
try,2716055,311.1530530415855
number,1478770,311.12350094677043
i’ve,943310,310.9129861568886
lucky,405981,310.8583460949464
traffic,316928,310.40940254652304
shot,1649790,310.3442437923251
street,1491129,309.8771820448878
problem,1298241,309.76879026485324
brother,1450271,309.62233134073443
dumb,468749,309.60964332892996
saw,5422749,309.49997146281606
brothers,407961,309.2956785443518
find,5826112,309.0775596816976
spell,542569,308.98006833712986
security,418017,308.95565410199555
pushed,328150,308.70178739416747
mother,3660291,308.57283763277695
simply,571726,308.5407447382623
sex,6830284,308.36496613995484
shopping,459025,308.27736736064475
taking,1963050,308.171114599686
australian,335519,308.0982552800735
town,1301392,308.021775147929
warm,487566,307.8068181818182
beers,268583,307.65521191294386
became,1000182,307.5590405904059
i’d,370915,307.5580431177446
lines,302010,307.5458248472505
rather,846636,307.5321467490011
books,327199,307.51785714285717
hole,1245051,307.42
cock,520127,307.22209096278795
clearly,505780,307.0916818457802
donald,2735425,306.7651676572838
extremely,539812,306.7113636363636
pulling,392145,306.6028146989836
work,4103985,306.4962658700523
words,1190537,306.44453024453026
bread,512790,306.326164874552
toward,365734,306.3098827470687
turns,3468562,306.16665195515935
states,456177,306.1590604026846
pants,1068082,306.12840355402693
tom,641013,305.8268129770992
mike,453438,305.75724881995956
choose,521429,305.28629976580794
3,4150866,305.076142878142
little,11201077,304.9986929884275
decided,3622372,304.93913629093356
younger,415840,304.64468864468864
head,3918856,304.5190768513482
milk,711591,304.35885372112915
second,5508220,304.1535063500828
invited,448420,304.01355932203387
bloody,345488,303.8592788038698
calls,1908259,303.76615727475325
kept,1259383,303.68531468531467
7,1111237,303.6166666666667
car,4827071,303.47485225700996
knocked,478865,303.4632446134347
flying,860902,303.4550581600282
guess,2341367,303.3644726613112
hanging,783505,303.33139759969026
happy,1725017,303.3263583611746
happened,1851399,303.2097936455945
case,766550,303.1039936733887
finally,3939513,302.87637426001385
blondes,500618,302.4882175226586
bull,581491,302.38741549661984
need,5051337,302.3485365415694
charged,339751,302.26957295373666
take,10712441,302.2186142300965
whose,433355,302.20013947001394
never,8862133,302.1422044935393
dress,546227,301.7828729281768
one,33380131,301.6567651098901
taken,968161,301.5138586110246
older,723267,301.48686952897043
lake,287316,301.485834207765
land,568498,301.4305408271474
falls,1043628,301.2782909930716
came,6211756,301.2636888306901
guy,15627392,301.0826140567201
love,4449081,300.7355008787346
face,2014848,300.6338406445837
new,9766659,300.50333835881975
born,835353,300.486690647482
prefer,352094,300.42150170648466
drives,466832,300.4066924066924
we,1283994,300.2090250175357
doctor,6629442,299.8119573082489
9,790409,299.73795980280624
ordered,597185,299.49097291875626
screams,475893,299.3037735849057
friday,324436,299.2952029520295
treat,304959,299.2728164867517
got,15779751,299.05715910167726
heart,1032133,298.9090645815233
approaches,740753,298.8112141992739
so,871701,298.5277397260274
quite,1505354,298.3261989694808
beat,1296689,298.22654093836246
break,953272,298.1770409759149
left,3726974,298.1102223644217
unfortunately,310039,297.82804995196926
different,1208710,297.7851687607785
wide,300724,297.45202769535115
shop,1306184,297.4007285974499
passenger,277119,297.337982832618
man,41692504,296.8684643373374
humans,269846,296.86028602860284
point,932668,296.8389560789306
big,4544508,296.6195418053652
worry,591987,296.4381572358538
hat,319849,296.4309545875811
english,1062111,296.4306447111359
normal,424468,296.20935101186325
family,2261522,295.817135382603
visit,755654,295.6392801251956
exactly,692250,295.5807002561913
comes,6178291,295.1600898146379
shaking,289221,295.1234693877551
wrote,620259,295.08039961941006
bacon,276489,295.07897545357525
least,1531990,294.95379283788986
write,798200,294.8651643886221
gonna,2358231,294.81572696587074
ate,841931,294.7937675070028
glasses,305895,294.4128970163619
difficult,362809,294.24898621248985
proceeds,584411,294.11726220432814
10,2827566,294.0786271450858
ugly,664247,294.0447100486941
eight,338291,293.9105125977411
last,7761376,293.81344639612354
perfect,918556,293.74992005116724
use,3496193,293.6496724340669
power,492992,293.44761904761907
begin,409893,293.40944881889766
pick,1311387,293.047374301676
silence,317293,292.9759926131117
bomb,280657,292.9613778705637
redditor,366181,292.71063149480415
weekend,290524,292.5720040281974
really,8387963,292.4571318991667
mass,301740,292.10067763794774
night,4305850,291.9616219148359
afraid,1416903,291.84407826982493
writing,444401,291.7931713722915
amount,414291,291.54890921885993
faster,371671,291.50666666666666
end,2546128,291.4857469948483
speed,464490,291.0338345864662
fit,736128,290.6150809317015
keep,3139556,290.35013409784517
pregnant,685063,290.1579839051249
go,13994959,289.9007560849301
beach,552679,289.81594126900893
president,1458698,289.5965852690093
grab,518326,289.56759776536313
fair,268125,289.55183585313176
grandpa,854700,289.5325203252033
bike,537035,289.5067385444744
tattoo,289059,289.34834834834834
grandmother,270214,289.3083511777302
three,7220359,289.20768244812945
grabbed,509850,289.03061224489795
know,14928739,288.9750295193666
barman,519485,288.2824639289678
ride,661970,288.1889420983892
male,982225,287.95807681031954
pot,312986,287.6709558823529
buddy,501688,287.6651376146789
surgery,321842,287.61572832886503
cook,391929,286.91727672035137
wait,1135464,286.8057590300581
either,647991,286.7216814159292
wine,414582,286.7095435684647
drank,370423,286.70510835913313
makes,2641795,286.55982210651916
mind,1043646,286.16561557444476
elephants,271559,285.5509989484753
noise,394823,285.4830079537238
you,288570,285.43026706231456
getting,4596203,285.3189521385561
saved,317150,284.9505840071878
deep,877372,284.86103896103896
curious,346032,284.8
real,1728918,284.78306704002637
certain,303328,284.54784240150093
sweet,340037,284.311872909699
inside,1586939,283.9905153901217
there’s,641328,283.89907038512615
large,1549412,283.82707455577946
school,2540839,283.76580299307574
can,721990,283.5781618224666
arms,943826,283.4312312312312
customer,489442,283.4059061957151
two,15246966,283.3218619344049
beer,1552575,283.31660583941607
trump,4192791,282.85711394454563
worth,575535,282.67927308447935
nobody,985299,281.99742415569546
ask,4162183,281.1715868405053
terrible,863453,280.98047510575987
get,23607789,280.93139681557466
running,1580348,280.6015625
run,1893512,280.4787438897941
strip,269797,280.45426195426194
handle,317693,280.152557319224
hurt,469245,279.9791169451074
religious,294034,279.76593720266413
teacher,3369888,279.75161879462064
earth,887501,279.70406555310433
meant,481227,279.6205694363742
til,570509,279.52425281724646
child,1548374,279.3386252931625
fancy,288183,279.2470930232558
crack,325034,279.23883161512026
2nd,322877,278.8229706390328
building,745437,278.77225130890054
looking,3586260,278.60938471100064
breakfast,434731,278.4951953875721
,3092708,278.47181703583647
day,9506507,278.41578562014934
broken,667289,278.15298040850354
jack,1125933,277.93952110589976
whenever,643334,277.89805615550756
mom,2564222,277.7236001299686
save,812853,277.70857533310556
smell,732594,277.4977272727273
alone,519440,277.330485851575
hiding,313272,277.23185840707964
asleep,281626,277.1909448818898
something,3868743,277.170296604098
watch,1486059,276.7850623952319
listen,517849,276.77659005879207
meet,1311859,276.58844613114064
wants,1999941,276.27310401989223
enter,486804,276.12251843448666
across,2027710,276.06671204901295
died,1743013,275.9678594046865
drunk,1733009,275.9129119566948
fell,1828165,275.907787503773
farmer,2295189,275.89722322394516
loud,580311,275.81321292775664
side,1849292,275.60238450074513
isis,356513,275.5123647604328
talking,2410904,275.4689213893967
feeling,1153168,275.21909307875893
hot,1856387,275.1833679217314
easy,610529,274.88923908149485
internet,465900,274.86725663716817
timmy,376045,274.6859021183345
cold,991602,274.6819944598338
catch,1151162,274.6747792889525
tried,2478675,274.52375678369697
ear,428345,274.2285531370038
floor,1009841,274.189790931306
anybody,267592,273.8915046059365
heaven,789576,273.8730489073881
known,737985,273.7333086053412
bill,1682054,273.50471544715447
whatever,562237,273.0631374453618
farm,512949,272.99042043640236
many,6371586,272.77960441818647
pastor,326955,272.68974145120933
christmas,1194105,272.56448299475005
shirt,453717,272.3391356542617
open,1752468,272.33379953379955
bucks,297064,272.2859761686526
cow,1272550,272.14499572284
guys,3446956,271.7562283191422
mommy,283155,271.7418426103647
playing,1660275,271.64185209424085
pet,687507,271.52725118483414
long,4413342,271.4065555623885
“well,318552,271.108085106383
confused,717732,270.7400980761977
pack,423539,270.6319488817891
good,7300875,270.2326313062146
seeing,943824,270.0497854077253
lunch,594594,269.9019518837948
yet,785791,269.6606039807824
feel,2182237,269.6116876698789
penguin,381229,269.6103253182461
begins,1110868,269.56272749332686
others,495560,269.32608695652175
breaking,450972,268.9159212880143
form,327467,268.85632183908046
literally,266889,268.7703927492447
singing,310210,268.5800865800866
laughing,708580,268.503220917014
city,696019,268.422290782877
italian,824118,268.3549332464995
bit,2114625,267.70793771363464
talk,1672807,267.64912
baseball,398524,267.2863849765258
worker,393031,267.1862678450034
wanted,3530249,267.1597548055093
america,760968,267.1000351000351
taught,300078,266.97330960854094
world,2284214,266.940983989716
change,2349295,266.904680754374
place,1763631,266.89331113801455
simple,360292,266.88296296296295
plan,398864,266.79866220735784
opening,307044,266.76281494352736
bottle,1014405,266.6679810725552
roll,418704,266.35114503816794
bowl,442225,266.2402167369055
therapist,266614,266.0818363273453
moved,554486,265.94052757793764
everybody,509504,265.92066805845513
bus,1546578,265.87209902011347
bought,1757305,265.73491607439894
light,2225628,265.61976369495164
fingers,467461,265.30136208853577
landed,293904,265.2563176895307
flies,551979,264.99231877100334
dogs,691507,264.84373803140556
all,300064,264.8402471315093
sleep,1123194,264.7169455573886
wish,1866491,264.5253684807256
hotel,592293,264.4165178571429
chance,519743,264.36571719226856
okay,374323,264.35240112994353
throw,982820,264.3410435718128
hung,296513,264.2718360071301
opposite,478045,263.96742131419103
moral,299086,263.7442680776014
system,312678,263.6408094435076
salesman,420854,263.5278647463995
tough,272129,263.4356243949661
parking,321277,262.91080196399344
johnny,1972323,262.801199200533
ice,1196467,262.7288098375055
approached,475690,262.52207505518766
finding,492192,262.08306709265173
final,768553,261.5905377808033
trying,2425475,261.3658405172414
true,642260,260.76329679252945
future,358495,260.7236363636364
considered,301565,260.6439066551426
already,1417195,260.60959911732255
math,677249,260.5806079261254
teeth,341215,260.46946564885496
prison,464624,260.43946188340806
nervous,277061,260.3956766917293
walking,3379932,260.25502425502424
flat,468074,260.0411111111111
fire,1025307,260.03220897793557
using,1109571,259.9744611059044
christian,377480,259.9724517906336
police,2149107,259.9621386234426
however,267753,259.95436893203885
worried,483569,259.84363245566897
clean,638943,259.83855225701507
kid,2328296,259.7674885640968
lot,2325610,259.75762314308054
today,2823380,259.7405703771849
killed,1090754,259.5797239409805
brand,394199,259.51217906517445
forget,530681,259.3748778103617
small,2328048,259.3347443466637
drinks,776119,259.3113932509188
lost,2396603,259.20430456413584
divorce,389263,259.16311584553927
enjoy,556217,258.9464618249534
keeps,934817,258.8803655497092
read,1460433,258.66684378320934
mate,365889,258.5787985865724
cleaning,273572,258.57466918714556
things,2170726,258.5120876503513
jumping,265732,258.4941634241245
failed,338088,258.4770642201835
remove,355602,258.24400871459693
patient,639317,258.2055735056543
people,10772714,257.96728927203065
die,1115604,257.9431213872832
tiny,461920,257.9117811278615
full,2325334,257.85473497449544
push,324781,257.7626984126984
yesterday,791560,257.7531748616086
cashier,327708,257.4296936370778
piano,308981,257.2697751873439
fresh,358233,257.16654702081837
sir,327104,257.15723270440253
hit,2057300,256.9055944055944
science,300029,256.4350427350427
short,1036339,256.3926274121722
used,2858310,256.3506726457399
desk,373747,256.3422496570645
worst,1174543,256.2266579406632
hair,991485,256.1314905709119
knows,1015297,256.06481715006305
created,335643,256.02059496567506
shower,367205,255.71378830083566
tall,410146,255.70199501246884
high,1609839,255.24639289678134
watched,498742,255.2415557830092
pissed,353027,254.7092352092352
grandma,436849,254.57400932400932
often,470384,254.39913466738778
hard,2427413,254.2326141600335
near,790006,254.02122186495177
ok,519605,253.83732291157793
ladies,497934,253.65970453387672
heavy,378400,253.61930294906165
food,1435711,253.56958671847403
important,586833,253.3821243523316
college,504580,253.17611640742598
drugs,292967,252.99395509499138
mary,485040,252.75664408546118
fun,769071,252.56847290640394
fired,528159,252.46606118546845
fine,628310,252.33333333333334
grocery,323189,252.29430132708822
tea,349669,252.10454217736122
continues,458200,252.03520352035204
away,2233031,251.94979126706534
halloween,297838,251.7650042265427
original,499451,251.73941532258064
meal,312784,251.03049759229535
make,8608201,250.4349634887848
card,375290,250.36024016010674
shots,290834,250.28743545611016
needed,802330,249.79140722291407
always,5601433,249.69611732715197
bunch,701198,249.09342806394315
office,1091046,248.9267624914442
miles,464966,248.3792735042735
local,1451990,248.2034188034188
“,377022,248.0407894736842
bar,6599122,247.9009015777611
horrible,303320,247.81045751633988
coffee,1029039,247.78208523958585
discovered,427653,247.77114716106604
doors,273288,247.76790571169536
changed,426602,247.7363530778165
hospital,743143,247.38448735019972
fear,310390,247.32270916334662
stop,2739340,246.98764764223245
iron,290932,246.76166242578455
weather,284245,246.74045138888889
kids,1755390,246.4397023725958
tip,288368,246.25789923142614
dead,2092589,246.0711429915334
kills,271391,246.04805077062557
field,442054,245.99554813578186
death,814806,245.7195416164053
butt,514002,245.46418338108882
dream,428812,245.45621064682314
united,627942,245.28984375
alcohol,296555,245.28949545078578
genie,1229197,244.3245875571457
best,4947085,243.99926017262638
lie,388643,243.51065162907267
group,1333146,243.45252008765522
driving,1705372,243.24233347596635
grandfather,616774,243.20741324921136
construction,275007,243.15384615384616
like,20935393,243.1323005098308
hunting,347172,243.11764705882354
men,4193859,242.6720865640551
cut,1165726,242.50592885375494
heard,3829714,241.89704396159678
making,1945590,241.7783024729713
stand,1395436,241.4666897387091
shit,1788733,241.3944669365722
football,460560,241.38364779874215
ended,428840,241.1923509561305
mean,1217795,241.14752475247525
feminists,290547,240.9179104477612
hunter,452795,240.59245483528161
dog,3628188,240.45251507720857
blind,1611849,240.4309367541766
dark,999235,240.14299447248257
laid,376667,239.91528662420382
seven,409545,239.5
water,1761069,238.9185999185999
judge,721531,238.83846408474014
swim,292708,238.75040783034257
human,634319,238.1971460758543
clock,382280,238.18068535825546
2,2917678,237.94470722557494
donkey,391178,237.9428223844282
oh,830100,237.91917454858125
waiter,548523,237.66161178509532
someone,3666993,237.51492972342768
miss,523456,237.502722323049
boys,658141,237.33898305084745
special,641009,237.32284339133653
rid,290892,237.0757946210269
scared,434592,236.7058823529412
notice,424345,236.40389972144845
medical,398890,236.30924170616115
company,637005,235.31769486516438
king,879086,235.17549491706794
rope,267649,234.7798245614035
state,632976,234.52241570952205
name,3264742,234.41818051267322
walks,9779374,234.21967283787993
hang,407774,234.2182653647329
computer,692665,233.45635321873948
store,1520903,233.44635456638525
feels,586695,233.1856120826709
wake,508065,233.05733944954127
deer,511564,232.8466090122895
middle,1435835,232.56154842889538
meat,461972,232.1467336683417
legs,995633,232.1363954301702
marriage,433873,232.01764705882354
somebody,363145,231.8933588761175
story,1031203,231.83520683453239
stick,625376,231.44929681717247
blue,840836,231.44398568676024
sea,396208,231.42990654205607
kick,417996,231.32042058660764
stuff,414909,231.27591973244148
scotsman,273783,231.2356418918919
river,341302,231.23441734417344
sheep,458888,231.0614300100705
porn,608804,231.04516129032257
news,1175768,231.04106897229317
kinds,282386,230.8961569910057
court,326744,230.1014084507042
horse,1764423,229.77249641880454
desert,409841,229.73150224215246
regular,286916,229.5328
chick,268664,229.43125533731853
paint,415480,229.2935982339956
bird,722347,229.2437321485243
fall,1101528,229.19850187265916
guard,344310,228.92952127659575
life,2741889,228.7767209011264
garden,292079,228.72278778386845
billy,408237,228.70420168067227
crying,498395,228.62155963302752
woke,581371,228.52633647798743
double,434190,228.16079873883342
machine,450029,227.74746963562754
space,428368,227.73418394471025
far,842730,227.33477205287295
spanish,322501,227.27343199436223
arrested,545872,227.2572855953372
wash,350501,227.00841968911917
dick,1713251,226.83053091486826
asshole,352642,226.633676092545
penis,1658340,226.27097830536226
lights,441874,226.1381780962129
birthday,556611,225.9890377588307
interview,336676,225.95704697986577
problems,334770,225.28263795423956
called,3982799,225.2714366515837
super,586604,225.0974673829624
wood,266259,225.07100591715977
gas,519084,224.80900822867042
british,458974,224.76689520078355
hide,424784,224.75343915343916
bee,273737,224.74302134646962
american,1824134,224.61938184952592
mine,575146,224.57868020304568
cat,1286133,224.18215094997385
potato,298592,223.66441947565542
play,1786362,223.51876876876878
mirror,272363,223.43150123051683
jump,793850,223.4309034618632
waits,269174,223.38091286307053
arm,570659,222.2192367601246
works,508510,221.66957279860506
nsfw,394398,220.70397313933967
drug,592648,220.5612206922218
rich,587964,220.54163540885222
date,813335,220.4159891598916
bottom,420643,220.0015690376569
drop,626663,219.95893295893296
shoots,305049,219.93439077144916
lose,626462,219.4262697022767
part,1713264,218.5564485265978
baby,1844090,218.41643965415136
v,291537,218.37977528089888
ocean,280476,217.93006993006992
chocolate,344759,217.9260429835651
thing,3314824,217.76533963999475
virgin,292991,217.67533432392273
wonder,649551,216.95090180360722
station,371848,216.8209912536443
native,393162,216.14183617372183
apple,786011,216.11520483915314
month,445030,215.9291606016497
bell,351307,215.92317148125383
holds,278826,215.80959752321982
bigger,442993,215.77837311251827
deal,446310,215.71290478492025
bad,3165786,215.1546826151964
polish,284791,215.0989425981873
sick,641460,215.03855179349648
fishing,408964,214.67926509186353
prostitute,453903,214.40859707132736
history,308773,214.27689104788342
ball,716596,213.90925373134328
dying,342604,213.59351620947632
tribe,284755,212.18703427719822
meeting,351729,212.0126582278481
zoo,427511,211.84886025768088
though,587953,211.26590010779734
german,979287,211.14424320827942
fighting,266601,211.0855106888361
dating,440168,211.0105465004794
paper,707487,210.81257449344457
road,1029794,210.80736949846468
law,319705,210.60935441370225
woods,446380,210.25906735751295
accident,289481,209.92095721537345
unless,272097,209.62788906009246
chief,658425,209.62273161413563
team,423060,209.12506178942166
invented,389693,208.61509635974303
white,2709881,208.5646886785192
leg,459214,208.54405086285195
walk,3128357,208.1685520361991
rock,475470,207.6288209606987
eat,2222078,207.4188369270979
study,308420,206.8544600938967
caught,979659,206.5483870967742
russian,883980,206.48913805185705
trust,359267,205.64796794504866
proud,327762,205.4934169278997
pee,273366,205.07576894223556
covered,362262,205.01528013582342
relationship,272209,204.66842105263157
scientists,329202,204.60037290242386
bush,273574,204.46487294469358
sandwich,374934,204.4351145038168
steve,355819,203.9077363896848
clinton,491185,203.89580738895808
duck,883106,203.71534025374856
late,740308,203.38131868131867
cats,271487,203.36104868913858
book,939415,203.2485936823886
stole,524773,203.1641502129307
park,540593,203.0777610818933
needs,674651,202.78058310790502
lets,444298,202.5982672138623
buying,294758,202.02741603838246
cars,276812,201.9051787016776
george,425903,201.75414495499763
build,385706,201.3079331941545
eggs,295329,201.04084411164058
restaurant,668698,200.68967587034814
built,333445,200.62876052948255
video,380178,200.62163588390501
cause,725424,199.67630057803467
race,346594,199.65092165898616
doctors,459548,199.45659722222223
snake,356131,199.2898712926693
low,267033,199.2783582089552
friend,4592126,199.207270518827
cream,422043,199.17083529966965
inches,453809,198.42982072584172
african,312956,197.698041692988
weight,288782,197.2554644808743
women,3100399,197.16368839427662
babies,340044,196.89866821077013
ass,1021051,196.77221044517248
nuns,374761,196.7249343832021
finish,422462,196.67690875232773
riding,411444,196.206008583691
named,1264073,196.10192367359602
hillary,568605,195.39690721649484
1,1087860,194.74758324382384
game,935669,193.28010741582318
fight,562701,192.9701646090535
clerk,376609,192.7374616171955
burn,265253,191.51841155234658
fly,911423,190.51484113712374
music,512303,190.44721189591078
anal,384860,190.0543209876543
chinese,1262602,189.83641557660502
hitler,707769,189.24304812834225
tastes,281968,189.11334674714956
uncle,404115,187.26367006487487
cows,344520,187.2391304347826
racist,427668,186.75458515283842
greatest,296700,186.7212083071114
grow,352128,186.70625662778366
punch,301820,186.5389369592089
smells,326090,185.7004555808656
trip,452860,185.1430907604252
longer,561360,184.47584620440355
corner,333697,183.85509641873278
biggest,487265,183.5964581763376
angry,455910,182.65625
joke,6040052,182.30817059551478
sand,276545,182.2972972972973
hits,373919,182.04430379746836
gotta,393825,181.90531177829098
forgot,401474,181.25237020316027
french,796288,181.18043230944255
egg,329050,180.8960967564596
spot,293727,180.75507692307693
jesus,1270113,179.95366959478605
paddy,293110,177.75015160703455
sometimes,479707,177.47206807251203
scientist,287760,176.75675675675674
wanna,916803,176.47795957651587
im,410475,176.1695278969957
cops,277487,175.2918509159823
party,805304,174.57272924344244
war,386155,174.1005410279531
eating,1076961,172.09348034515818
john,1026277,171.87690504103165
fish,1119686,171.8364027010436
loves,325283,171.6532981530343
adam,269829,170.99429657794676
fat,970071,170.8172213417855
fast,528187,170.27304964539007
usually,358464,169.48652482269503
giant,313519,168.921875
black,3879539,168.49246471226928
animals,307165,167.39237057220708
green,591357,165.69263098907257
suck,304256,165.35652173913044
indian,541821,164.58718104495748
rabbit,491340,162.96517412935324
brown,552704,161.65662474407722
trouble,357003,161.39376130198914
taste,399133,161.20072697899838
bathroom,458371,161.0579761068166
weird,287950,160.5072463768116
person,1616317,159.58896129541864
knock,1499680,159.20169851380044
chicken,1482034,159.0165236051502
type,554026,158.42893909064912
u,359214,156.5202614379085
say,7458591,156.2368503739081
jimmy,278185,154.1191135734072
hate,1204478,152.8913429804519
gay,1484567,150.3206763872013
screw,605522,150.1418299032978
win,390044,150.13240954580448
happens,617744,149.24957719255858
muslim,425242,148.37473831123518
tv,368659,147.28685577307232
animal,371341,145.9100196463654
red,1133963,145.3798717948718
dont,374126,145.2916504854369
funny,795212,143.9297737556561
pig,325564,143.67343336275374
balls,468368,142.4043782304652
sad,296558,142.1658676893576
wedding,359255,141.77387529597473
likes,370018,141.0667174990469
movie,513242,140.9231191652938
mama,306119,140.80910763569457
asian,413530,140.5608429639701
yo,495663,140.2952165298613
japanese,399780,138.57192374350086
jokes,1909251,138.19129994209612
hey,506530,137.122360584732
hear,3403215,136.16127870688965
recently,559282,135.2883405902274
worse,336909,122.37885942608064
santa,421923,122.15489287782282
bear,920604,119.43487285936689
what’s,1018954,116.81233520577783
orange,266132,116.52014010507881
pirate,401057,115.51180875576037
difference,3102472,111.77662487390114
favorite,1532684,107.94309458412565
mexican,624281,106.29678188319429
call,6826180,102.73738392306187
toilet,355942,102.28218390804598
favourite,473196,94.46915552006388
elephant,273533,83.98311329444275
cross,807107,80.03837762792543
whats,376102,70.36520112254443
